data/processed/ACDC/patient001.npz,d2da2520ef0a0ff46d2d259079c4ca2885359fb716deb3a528dab38625214cbd,445212
data/processed/ACDC/patient002.npz,c641dc990a1db4328514a6721e904a83c93b070e8cb0ec490ee008cb995818e4,417566
data/processed/ACDC/patient003.npz,b113a001f3f35dcc84109420d8b4ec121f62406189d7084a156b05f0d1239c5f,394060
data/processed/ACDC/patient004.npz,e9debbc0c32e01a866a28fd65ba60b12e476ca7fd583d8436d7dd6e3677a8254,546825
data/processed/ACDC/patient005.npz,0d3903ab375af7919e8b2de3aad5fec1cf883b0163f799a915166bc1f45d3bdd,393731
data/processed/ACDC/patient006.npz,47ec8346f105bb433663065fa0dd26c33155dee82271329d90ae45615c16f96c,560768
data/processed/ACDC/patient007.npz,32877bf09940bcbfa9fd177754bf5d6d64432f8bc86d7505f3d6401b858a2a82,428231
data/processed/ACDC/patient008.npz,7fea17945d709c796f676bf845258c3479ad84d1611435ba86cce13844b5e2c2,537678
data/processed/ACDC/patient009.npz,6674bce700888f8edd8851b1a8934151762e674b5065f53acd8ad91dedae62a6,1172253
data/processed/ACDC/patient010.npz,2ac98bea3342293539bb79c000cfb395a4a8bb2cc0fdf48d4c27e24109fa775f,379935
data/processed/ACDC/patient011.npz,f4a54bdbb47be2a1339b90af4b8d2aed5ad8d1b3e04bce25afbb4f8347a542e9,1005729
data/processed/ACDC/patient012.npz,a75f2c9481945576f32305cdc800060e3bc438d0019a3359296b5d022b272d9f,334963
data/processed/ACDC/patient013.npz,dfda937056f0ec04201d9bd069774bbddbbc46f7e3834be598ef52694785f9c2,1055537
data/processed/ACDC/patient014.npz,c4e036fd99327e7e6b064b0e966fdbc60ad51c54f1ba22c476d14e0df8475e9e,1139889
data/processed/ACDC/patient015.npz,2421b5ec6882ae1d03e743389e56095aff3880c520afd8de1d7d7b3d98885fd4,973001
data/processed/ACDC/patient016.npz,8c9a707f7dccd0e0864ccb44221d6137ccd023b5785d10808e30714963c80256,1087523
data/processed/ACDC/patient017.npz,9912ea082ba0eb9d4d7215c6ca25d9a9dfd8c3a069f3b39df231120ffd57e92c,295930
data/processed/ACDC/patient018.npz,4ce94ab1673404e1fb939e0149b6f128a7dbbdad93ee115a9e1255d38f15d20c,948559
data/processed/ACDC/patient019.npz,12026b337f085e177420cf97c2181b602c25570f34222f81d5a389549f50045c,1275954
data/processed/ACDC/patient020.npz,9508fa6d9af62ac7a1f8bd56f1254945463b3d0149cd7af3ac18aee2f93d1a8d,949330
data/processed/ACDC/patient021.npz,c4e7f738b9a4957533b08700b0285b66ba2b6234fc449ce8078ca3bd9e653a68,394775
data/processed/ACDC/patient022.npz,870afab1b103a501a7b40ac008e4c946d5aad7109b6bd5ee1dda1c3c5584a91d,324381
data/processed/ACDC/patient023.npz,526433940f72c6edc49d56b0205e065aadf2cb5f2d3103319a72dd68710c41eb,399660
data/processed/ACDC/patient024.npz,23c48bc8ba107dcbad1f2045371b71320344d118077ed45302b53699a634e458,425529
data/processed/ACDC/patient025.npz,208fb426edb131d8eaa18c56e93bda3f11e853de783ffb7579c6475731cc38c9,359090
data/processed/ACDC/patient026.npz,ffff65823a78c47035f406120e59330c4e6710a805a6efb85dbb5cca5f99ebe6,397675
data/processed/ACDC/patient027.npz,76092b2800b22398fa5c026853e6f99e1e58396ed67f92735f2d77701c9e6cf2,399035
data/processed/ACDC/patient028.npz,3a33d4867591dd8d13ab3664c919a048db96a40cd6adf94a22d56ce8ee7d8dfa,340066
data/processed/ACDC/patient029.npz,ef793f9babfc5dd62914d0a3cdd627c2f5cfbc1dc5b13bd2108158332b18b53d,408900
data/processed/ACDC/patient030.npz,e0f0978851254b47f1f4c6de6355127609ff347a4cb580837e0d99bf06f64523,387931
data/processed/ACDC/patient031.npz,c0a93e488efdbb0bcc63786612af4dbf458805e11b812b1fd5d84bc914306022,380827
data/processed/ACDC/patient032.npz,192b42d9c0d0f94ebbce10c85fdf99042e87c33054240602513cb35cef7136d3,410505
data/processed/ACDC/patient033.npz,24ed2d777fdb86292cac026bc6c3a818cc581692985e9b40f7a54e78d2990ca7,440590
data/processed/ACDC/patient034.npz,5999d2f6748fbca7ce2159759177f84a370b1f6b19a1f3cf67692f1af32c3d39,322393
data/processed/ACDC/patient035.npz,b5456da259495ed9a4cde7010a43950ae319e71d0067eeb4b5f6fac60c050196,722436
data/processed/ACDC/patient036.npz,b562770dac7a03787a076a3249099593fd62570bf4f7d5911c21f4c4f0718084,897322
data/processed/ACDC/patient037.npz,c79c93339202ed88028dc9eae169d8e2763fd1f3e515b826ffb5abce80ca2b4e,428821
data/processed/ACDC/patient038.npz,ee1b3e2d69a314355ca0f059631085f7267cf2c32ca97dd4a73f6904f987f818,853433
data/processed/ACDC/patient039.npz,30e0bfeb2e00bd35252bcba09097ec200a98475023a7b229a7011716ea5366e7,1074012
data/processed/ACDC/patient040.npz,5af062de1be0f115ef00a384869749e21f13f44eb61ca0f748023802562b7ff5,1197822
data/processed/ACDC/patient041.npz,eab7d30336195733070bfa98cd78cdbd8c2bd7f640fb6627d5e5c34e0f7afd1f,717310
data/processed/ACDC/patient042.npz,b9531113161ef9c31147e7be6d3e7aff184c11f58f2cd53e59c7920fda1c7d3f,387461
data/processed/ACDC/patient043.npz,34b042f56e69e5802cbe3fd7057a77b4a949d7c28dcfa6ff19f98f8ae515e299,959465
data/processed/ACDC/patient044.npz,b967da2ea6dc16d49dcbcaaa99eddfbe79db28b02938691c81723ba80942c457,330395
data/processed/ACDC/patient045.npz,4676e9d48e7f4b7261dac2020404403eabc026873916ae3c470654baa79c8e7a,297911
data/processed/ACDC/patient046.npz,1d0e57adf1acf20c0c59184bd49c824c8772b5f7f7776958a32f67cfed4ba7eb,270116
data/processed/ACDC/patient047.npz,056a80aaf16a1796f94f19066998423f86c5a63435f1d07dc54961dea9a2617b,1081651
data/processed/ACDC/patient048.npz,3efac5d2ad0cf7c78bb1fc342d5d9f6a5048e8a36f89512470fbddfca742f486,289810
data/processed/ACDC/patient049.npz,f9c5f8e07271b98489c649a15f7e226f99759bc7b58999a749d1b62e46ef8a54,301994
data/processed/ACDC/patient050.npz,e298f6b16bc1f5439de50b1a4188dbc23684d1f762098ae96379da1ee6951446,372979
data/processed/ACDC/patient051.npz,3f6123c58bb2a3012ddbb6cff54c170a112371048b934c8e39143b8d25a1b743,1139777
data/processed/ACDC/patient052.npz,9c4ad09ccdbab0a5051a929a9ac907efdba6b5242e02a8900ed1dd9abbc80598,949912
data/processed/ACDC/patient053.npz,43349db8fcd7385b96b8a183f41b01b8e957048603af958ec8a6de114d3134d0,834758
data/processed/ACDC/patient054.npz,ac1df5b38c51bf6603198f1fe1cb0507133fbc15204e29c0213d1ac937f0212d,936569
data/processed/ACDC/patient055.npz,04aae4a307c7ce79f85dad86fa29077774c4705e034b00f6a9b3f6cfde29f5f2,1017565
data/processed/ACDC/patient056.npz,a9bac4a754f693862c7acd0fa62fb43a3563248e4e499a7dad5b1dcc0204e512,1021910
data/processed/ACDC/patient057.npz,93fe265deb02582256d746e71881273403f2b50ffe0dd9aba17606582442d467,615926
data/processed/ACDC/patient058.npz,ab063f9c1c970c550b349e766c3a3734bde9d4546142ca2da17824ab5d52f7a1,740726
data/processed/ACDC/patient059.npz,8679c6f5f8fa8125ef2abf14281ae68a1d9f1560188655ee41337cccf27ef57e,1027442
data/processed/ACDC/patient060.npz,649b0e021ed68f1de5f0605f8ac72433fd3a2860ad1f0170772993a9ec6b96b5,307145
data/processed/ACDC/patient061.npz,f53303b818b48ff7778804995f58b44e51dca24afab8bdf8c3f3bfebb3f59ea4,366684
data/processed/ACDC/patient062.npz,ca8b95ac8d63b160a22dd5587d988f9f957b8ee7e832f12f40cfa14c699b4393,324879
data/processed/ACDC/patient063.npz,65035baa55e37f82eb440cfc2cc33f29a31c541262cfe2a349d820dbc8ae34fb,419166
data/processed/ACDC/patient064.npz,b947ecc1b375b76967d43b2b10e8a415ec5a267c12e03c634abb3b9cbe48292b,388216
data/processed/ACDC/patient065.npz,d1bf72f63ea6046d91bdbe3d322078be91a75a406ce339444b402f7ec0fffd23,286377
data/processed/ACDC/patient066.npz,76db557d750102cf31266cb3948129bec01479acb820f55ab9dc8117ae5cbbb7,345613
data/processed/ACDC/patient067.npz,d6beb9569cbdc4cdbceff3dbb9a4ee693f8000070e2f18c72b27171ff38cc215,325423
data/processed/ACDC/patient068.npz,f72fbb59f04e6b1b4bb7b36655c0d1ddb081fdc688312728be84a56d23f944bb,233496
data/processed/ACDC/patient069.npz,d645a42471ae33e2c26fed46e03c5cd6c8329546ba812cb01224a5bf4c27dfa5,222951
data/processed/ACDC/patient070.npz,c572c5cc4495b5ed2978febcf1147bb545b965ad23024bf853c271b7586046ce,217840
data/processed/ACDC/patient071.npz,53af0fcfb9e33eb6270d1ab3941750bfb83517cdad66ec6ea4d47bdac4d4c98c,374867
data/processed/ACDC/patient072.npz,f632b6d312269bff3dd914660b126919bdc877e32aa74263b268be4a6e725a5a,338569
data/processed/ACDC/patient073.npz,7c14a4b75f4926a353518ecf0f8ba95b52c72cd9731afe0269e047bbb2b13964,352902
data/processed/ACDC/patient074.npz,3e4c761dc5be09cf1a8617e542445d6b2dc3e6f13ac59672b9d0f284a49744b6,265788
data/processed/ACDC/patient075.npz,2b8149ef3a3f39c41e16e44c5ff9aba20971ef667b379164507bc75621998a6a,831724
data/processed/ACDC/patient076.npz,788cf711fd08eeb4f014fa15de59f697ed9b5f6967c913674c3735c1a87b1bca,265771
data/processed/ACDC/patient077.npz,fc2a8296b46e5d5d3603eababeca4e35dfe9a1828bc771aabc20ae30af2c2017,653065
data/processed/ACDC/patient078.npz,f6a7baa6175f9f744de931a702ae98f7059f6bfece1ca37a707e8b00faedf6e2,884633
data/processed/ACDC/patient079.npz,8cdc1cb097b395ffde3dbc493655a069a7cf97f42df50c836bb4b715c8dc875f,979274
data/processed/ACDC/patient080.npz,de8dac43f3345fb2f29e74577f53fdc7d7c80972c6ac0808931878c864cc3e4a,678232
data/processed/ACDC/patient081.npz,63cdd28f5285c14c46c2d6d08505c87d8c3b0cbaa9276f327079d2c9ceabd56c,950195
data/processed/ACDC/patient082.npz,ad54afa25bb1edfea13038d471c755db3686681f3901a58edd38bfd9eb5bc8a7,945487
data/processed/ACDC/patient083.npz,92c080fe9c6b30bb58a8d0703bcb5cc412e857b26225c354f561e9110eb94516,219534
data/processed/ACDC/patient084.npz,0929d417473c14bb118d9dab0d8887e81127e113cf1e9afaca0528815154fad2,670252
data/processed/ACDC/patient085.npz,e653a09b6bbf8393acb41a1de487bb3dc78a631a8f421391e63bc396ac8e0aeb,922401
data/processed/ACDC/patient086.npz,6743e3cba5dd4cf816774075d14482ef7881214b4fede1e2fafe70066c890fb3,281979
data/processed/ACDC/patient087.npz,43388ff43e7ab601cfc50c5bc4d11c46545862d76fe5998db83456cd4a2dd087,963026
data/processed/ACDC/patient088.npz,ae84daf9bc089b7c8cdac6a35a628d301305b4c3d1df7f830a418657bf412e8b,956155
data/processed/ACDC/patient089.npz,3cb04aa2b7bfb9531d812ba2e67afc1b872d698aaaf8a142054546a14c7f50f3,713040
data/processed/ACDC/patient090.npz,18c685f627cd05d824de32d64d51c61c993fb585912ff3f6cc6582c412f12dae,266450
data/processed/ACDC/patient091.npz,066fb7f8304a17cd4ab63bed592799b828a09be7063d6b8e8b199f6edb3e5848,242429
data/processed/ACDC/patient092.npz,160967d7b2b256250bea568578671239e6be800b6279f96598d5e46c2d37d6a7,907438
data/processed/ACDC/patient093.npz,e11b81b168691ca176449a3559ea1e28fcf781f98d4d75ec287f63ed237563b0,328822
data/processed/ACDC/patient094.npz,97714c4110b71c85b0f9f1217b178458cfa0aee43bcce4b8d09150d920edb949,499397
data/processed/ACDC/patient095.npz,be1b4f6eefc9be4a34177d1f251afd39a74ed23abdae60db9c82a245d710f4a9,241289
data/processed/ACDC/patient096.npz,28ebc87f504a5143a61f98caee71bedb9e320cd1626f8b2bae496b0b0f49238a,967962
data/processed/ACDC/patient097.npz,2101a3782c69d9ba25df2b6f6fcd0c03aad919805714664925ee6396b96b92ea,906518
data/processed/ACDC/patient098.npz,f1e437a27e416e1f6131cf1338a13a1cbd5a72a7b0a5b2c633b04c218b123b63,399202
data/processed/ACDC/patient099.npz,2939f8092f52b1acd5703b6ae057b312187078644d905f214829c98784f5d63b,956563
data/processed/ACDC/patient100.npz,51f5a05d7620163355a263bba41269b99f4c6246bf81002a971595fa6a544238,957707
data/processed/ACDC/patient101.npz,308ccddb9085966f64d3e8caecbdbc04f7faef0fdb08f18f7a55e9488b07f907,1175868
data/processed/ACDC/patient102.npz,3206aa5d377582dc7b957ac833a0bca35d8e7c1ca6b6150e1e572f5ec2cc26bd,284870
data/processed/ACDC/patient103.npz,e223c2593ca755f60fd440c983951b914b60a87c1c333a292b07c733dbd3785a,287529
data/processed/ACDC/patient104.npz,9ab15cbdb03d0128bc352666469b0daf1c40533621f5d37ee16c7bf9bc906ecb,1004435
data/processed/ACDC/patient105.npz,35448857a68254afdaf551ccd8a45e49ef4f063cfe58a36c066f68e8034a7ceb,1153557
data/processed/ACDC/patient106.npz,8489646681d1c4e512f3305a0cce80a13cced6d388414a387c9e54fd01fb0f12,324186
data/processed/ACDC/patient107.npz,3ce4fc8d80d0c17b186bd0b90952e3dfb0347000ec47aa690cd1eabb557eb7b5,956899
data/processed/ACDC/patient108.npz,d0dbd2b67755e0107cc380fd4b52d4c82287b5357716a8250a6c1a85d3fb87dd,343271
data/processed/ACDC/patient109.npz,3de644d041254cf96ac196b3f0ca85ae1b7a7d05c6fbd70fada7adbfafa59776,227230
data/processed/ACDC/patient110.npz,a904da6d1638b0a8ae15ab28671f90b072a2f1e170bb50fdf2f98c51fce9389a,281790
data/processed/ACDC/patient111.npz,99235593f187fae3c79348a1c5b94ed2d457c49c38a3c0a81f99399997a17e2c,524457
data/processed/ACDC/patient112.npz,cefd9cc93de1ab0d471983d8dab5393c30e658770dc037f9b15d4e81ac0aba97,1183122
data/processed/ACDC/patient113.npz,47a79efa54687ca11c4a3a1ec783bf7820fa1f01842cc02f4838ec29fd9563a7,1119734
data/processed/ACDC/patient114.npz,498ba29a80bd2a4da89ade58cf1eba2af4641d703990aff77ecd91c0210f12c5,1278312
data/processed/ACDC/patient115.npz,efecabbcc7c5f8781a82b6f7d56cddddd3c457dcdcf3445e5ed5e09499f6ce49,1183694
data/processed/ACDC/patient116.npz,3d16b8f5d553b071da5b37c1da4cbe34cf7d37715e61ea8e9faebab554bf7763,346144
data/processed/ACDC/patient117.npz,43986907ebb87396df431692ce1e56b1de557e1a861188bbeae8dd6891cfd7f9,1118426
data/processed/ACDC/patient118.npz,58597e4ad5df00a9548f18d3375f63e2519cd50b942cbb51ebbe76fff27cfb56,1020987
data/processed/ACDC/patient119.npz,1b64195256f15218ed46f931153f77adf053ffccc85c07bf7244d133e9f81f7d,876693
data/processed/ACDC/patient120.npz,9b01dedf80de834788b86af5c516245ebc4d6c04aab7c88fb74a926ed71a93a6,713714
data/processed/ACDC/patient121.npz,cdb42ffd8c294c4632380006633951702d63a90d144099c2711d6a1c01f251c4,834719
data/processed/ACDC/patient122.npz,266ca366c5c50cdd8e207b95240184e2264d4b3a7245bd5ee1bbd4a9423ae33e,1069511
data/processed/ACDC/patient123.npz,a484465da12f4e6921a1823513ef974740a07a79f471dc99de825755ec788e4c,900647
data/processed/ACDC/patient124.npz,227080987b6e1218f86378731a87554a6ecac15f03044f208a1f80e4db1dece4,1051909
data/processed/ACDC/patient125.npz,d2dbeacdddf02a8122a91ab38b4f4da31c913d05ca81e9105f480488fe706ace,817346
data/processed/ACDC/patient126.npz,7870f09d809b2797c9a3142e72e9fdf047a2776e0e219ea1d245e856a1384f54,751113
data/processed/ACDC/patient127.npz,31d18be84474c5e7e276ce9a13d124ccddc53b677b81c19964aa0ddf3c4c735b,1056139
data/processed/ACDC/patient128.npz,136961f2f3cf75c9bd863d57ccdac60ded190ef936dfafd4a67e39b4e4a1cce6,994001
data/processed/ACDC/patient129.npz,bf68a61f26bee8fcede510723b7f824d200a781df2a424d24ee7e5bfadaea16d,960232
data/processed/ACDC/patient130.npz,50865851710ab543a12087aea1363c8c043b0648daafe96c44d073ba45a6b142,1164082
data/processed/ACDC/patient131.npz,4580f50f73426c7ef5c3e7406109a8cb74e79d98d6d981f33d516d535b6d3102,818728
data/processed/ACDC/patient132.npz,d9265947b85531e3b2d60edae9f29af3c1a6896fa8eca9d4baa37c5905358110,1120908
data/processed/ACDC/patient133.npz,78d3b98ae9868c6dd3a47fd61d467094a3abfee922f83e54c359df3f09cff840,344529
data/processed/ACDC/patient134.npz,688becc5ce5892caf6731d22c5293eba6a44951637a334c48f3c68cd55928861,468006
data/processed/ACDC/patient135.npz,2b9ad88c8f81556a3f4636800e8ccf24a0b7890d777cc9198db365377ecff629,1147415
data/processed/ACDC/patient136.npz,efd847a8176df51328062488fa41f04ae31e081651ab8ddb254beb86a32a345f,1181309
data/processed/ACDC/patient137.npz,0390e3f2eec7eeee4bd6679b759c860e7910ca3d9649cc96d53eed147e552dcb,1052282
data/processed/ACDC/patient138.npz,fdd6d07f219c9bac81a8f076abb3581e0c9e36c029f0b902cc5e86b0fc40700b,1039443
data/processed/ACDC/patient139.npz,5a64ee7526689d6d2e5a9a2741da87cb82600ddc01e66794286364055b0ced09,908389
data/processed/ACDC/patient140.npz,37da5307024e2aa21f8c7ab98676c80f38dd0e5598d6f8ba2fec331ef7e061c3,1071483
data/processed/ACDC/patient141.npz,aacbb575f3c7eaa08379ecbc42712ed243150d119dc4fe39b54127d1cf486b53,1132883
data/processed/ACDC/patient142.npz,b44ebbe118bef469196bbc355bdd4d8280e886bf44675fe62cb4d3ffb4fd70ed,929976
data/processed/ACDC/patient143.npz,41adbf0e8dae119c238a45df58461cf95003045599461b160868d438ecd7c51c,1150276
data/processed/ACDC/patient144.npz,84a88c9d134f9e7378b50c3520bbab1f471923e6af5e9828bab249ccc758e3e5,677761
data/processed/ACDC/patient145.npz,be4afdeaa62f09afa1377b0021ae50ce94175fbf56ffc98189fc6c2104c50ce2,1140939
data/processed/ACDC/patient146.npz,0d7bb1b1ddb4d7ed307aca504a94c2e84d27f25f3c768cb10a2bb58e011dfc40,1021621
data/processed/ACDC/patient147.npz,f97230d5f7a4ec38117f3266c3df1cf2c0e4a3e599d60a2ee84f6ce5bf940c05,946773
data/processed/ACDC/patient148.npz,66aaa2c6238799a58719c261ef86855abaf619bebc5ceb650e7115a459a36880,956657
data/processed/ACDC/patient149.npz,1300639558fcfafb252f11bfb14286a44841c713b1817ddf6b272b9cde0049dd,779565
data/processed/ACDC/patient150.npz,2a87d5fbdff705403eb1b2edf683c78be43658376d343ae007207bae4dd7dc93,894367
data/processed/ACDC_reg/patient001.npz,cce24c5b1cabfe49007e08eb94067d1ab5a16f7428f74923b8aa180c713aecc0,1836332
data/processed/ACDC_reg/patient002.npz,a447c6bd2290d9b8bd2d7155cc26714cd1888f9a190f5100fd3ef7ac918935c4,1838462
data/processed/ACDC_reg/patient003.npz,417a776e69d81537dd6ef76e708d1d00dd783bb5a8a1691ac05dbfd6f8ba5db6,1831987
data/processed/ACDC_reg/patient004.npz,1ce0aa4677bfa8bcbd803896ade8ecc9cdbd9e3ebdbb308c41f1036995401b9d,1837812
data/processed/ACDC_reg/patient005.npz,31db7310249e0e39538ab9cecf715ff92c0f2c2dcab104f91886bf8b815af5aa,1832428
data/processed/ACDC_reg/patient006.npz,d18d2168307ee4625fc518acb81adca73ad6d3e43800dad6865eeab82d9f12e4,2015710
data/processed/ACDC_reg/patient007.npz,73c5433b3b4de223f3ae2d5daabd0e54597596ad50cd60217ff01123a532f3b8,1834260
data/processed/ACDC_reg/patient008.npz,759cc4b58b79b36283a4d24d494f285b7a7707082aa07150e7a9a6a56fd7b48e,1837952
data/processed/ACDC_reg/patient009.npz,56489eb95609fe3dc022c4edf494be34c28c62bf1e447d5a2d5595c4f1625727,1839448
data/processed/ACDC_reg/patient010.npz,5651bc257429e27fc84748a17cf17c68ef4afb18aa3a5247b7e453908f8951d6,1833747
data/processed/ACDC_reg/patient011.npz,5c776d91fb9cb5dd919fa51c373d9457259af4ace638d29df6b42ee38b60a3aa,1646518
data/processed/ACDC_reg/patient012.npz,4909c44b3e67372b77a301ba8490905731723e769e1145898cbabe3ff17fb3f7,1839541
data/processed/ACDC_reg/patient013.npz,de4f810c629fb1fddcecea4a2de4ba42958162d2b09e020b80e4e968832a7426,1840210
data/processed/ACDC_reg/patient014.npz,b938c7fb7b04d788429599cd01c47056a91567e048a01315e8bb65efdb978b00,1835058
data/processed/ACDC_reg/patient015.npz,bcf4ac3d9ec7a6b9a93dd703a05f1efb55b9acc5b33b1a7caf1c576f77025c33,1646703
data/processed/ACDC_reg/patient016.npz,b065627ac1570a618f531df3a646254930b79d3be194e2484ba6e02eb4ed4d80,1834883
data/processed/ACDC_reg/patient017.npz,5f735ef36f82350e430ef13d1514cefb9b3a05be67e90dac5006296957213c79,1652902
data/processed/ACDC_reg/patient018.npz,709396b3aec13c7e1fb34648671271098f34e5572bd2ff4f1af34eda9949f060,1470475
data/processed/ACDC_reg/patient019.npz,5ed3c8c9d034ace5624bcd224a208d767701a505400639d04fca5863e34d6aee,2013832
data/processed/ACDC_reg/patient020.npz,560f4c3135b5dccd2add0aac6edb98bb826dff8ff313f2cedc790b6ab873564c,1467809
data/processed/ACDC_reg/patient021.npz,cbe23fc0a4ffa9b8596ae787bb49a8f624e5224006ac6b39f491650739aa79c4,1837241
data/processed/ACDC_reg/patient022.npz,22d00e08ef842f13a960df181a843d555570d2febddd328069199354f123ecc2,1286153
data/processed/ACDC_reg/patient023.npz,e87a5f63e6add95f8a3a3e5c5ee6f0e6fa278f47c62d2d9ee031b7af15f28aa3,1651648
data/processed/ACDC_reg/patient024.npz,7026f208e8c7a9c9c319e2d1d4053359a55991af12b61147437dc72c7fcf65b2,1467176
data/processed/ACDC_reg/patient025.npz,7caed7a412d7967cbe86551682e55856adceb10d35b3f2f2240156c79f4a927f,1651968
data/processed/ACDC_reg/patient026.npz,70b7be1d525f89a1aa5ff161aae53434e36406fc07e8e2439ae847ee5c817dc6,1838608
data/processed/ACDC_reg/patient027.npz,3394eb4ae36631af96ce488e94502224158340824b7df101ef3d4c58a6c82586,1837966
data/processed/ACDC_reg/patient028.npz,cf40690836d052e14c5047169e940454ee51272ce99308b0a2ddb3527f6afe88,1834643
data/processed/ACDC_reg/patient029.npz,565854cab9aba8bd079bcccd69dcfa13b14301738641725ae173bfca7ad44b5f,2020455
data/processed/ACDC_reg/patient030.npz,d57393e09fafb4147f3cd7f01ebb6506061d6419b1b430e8c4e0f98b397d7f8f,1836421
data/processed/ACDC_reg/patient031.npz,74eb5a68ea67c5d54b6b98ad3ca4502484a2cf9c495241fd0621a42272019e74,1837571
data/processed/ACDC_reg/patient032.npz,dff58b24b0c1216d94a45451a8f2dc3734790cacc1d767fafbc2560f701c7f29,1833368
data/processed/ACDC_reg/patient033.npz,c455bf9cb2799c3a9b5fd9edf3a0a0100f7c36bf48136abe5fbca36d460f4131,1834882
data/processed/ACDC_reg/patient034.npz,80058cb88646fc9035c56ccfb9d2f58b752b406884fae9f838d7f1646aa7237b,1827718
data/processed/ACDC_reg/patient035.npz,41822d595a1dfef43c140c387767c5d217c3e18e1b977d8e83b301d94e8aa7e6,1103227
data/processed/ACDC_reg/patient036.npz,a58025cc2ee0c4e0cec32bb2eb57c159ba9ce55c7dec29e66ca52a0aa353c75e,1464948
data/processed/ACDC_reg/patient037.npz,9954cdb710d79e68078e4f5d5a0298d25dc9bcc2808d901b52815597ecb756cc,1285681
data/processed/ACDC_reg/patient038.npz,8be28ab584958466b9d047dbc3fada4eca936a080a0219f6b0342e825eb4b12a,1470216
data/processed/ACDC_reg/patient039.npz,374feb3bde680395b312a669db0b83c80d1b674f72d5670ce71cd10cd6ab76d5,1653223
data/processed/ACDC_reg/patient040.npz,78f4caac6bc3a2d07581140d22bcaf4dc608cc63eafd51d6264ba97eca5e0a0e,1840352
data/processed/ACDC_reg/patient041.npz,9f841e5633752085711e27bb19dd860985b081dec332c015b8313e4f92e07fd2,1103711
data/processed/ACDC_reg/patient042.npz,6acac2e8b18e280177b57bb1617c64345cde27a06baa12c5a3ce0841637e83f7,1651805
data/processed/ACDC_reg/patient043.npz,e1e591e991586b04820a7d37c5df0d19d63fefe25423aec9942743146df972cf,1467454
data/processed/ACDC_reg/patient044.npz,1dcb13ca2e8995c797cb8c2c8ea5f1f18b339eb5c051c66ba028abdcae529cce,1651623
data/processed/ACDC_reg/patient045.npz,cf744fba8beca587c4af08f493c7f09f0cdfcb156fe499c6de5879b2a1d5ed18,1466674
data/processed/ACDC_reg/patient046.npz,1c83a2042cc85da392737ee1e5822cf7872ffec2a01babcd4646a4e3a9a8b664,1646861
data/processed/ACDC_reg/patient047.npz,0f1deae63946e4198c8c53562ffdd1a642e59deae5f94ee1b2d9f66e38474817,1653295
data/processed/ACDC_reg/patient048.npz,9b490e591a1c1e0bd3c1261c585db0aa404cc8b63fe6011c83a13247f011cc1b,1468772
data/processed/ACDC_reg/patient049.npz,97fe15016fae68a5f3dda26e6935f42bebb94ab97c0d44001e0f5b59e08c2808,1285043
data/processed/ACDC_reg/patient050.npz,557ea8c9a8fe46fb3221b618b783cfeb5ea77e7e307f36361a73e771dc37d1b3,1833714
data/processed/ACDC_reg/patient051.npz,f99be1b0bb03b72a7d1c3f33f8a28aaeda69791d02d5daced8ec843110c483f7,1833497
data/processed/ACDC_reg/patient052.npz,5e1efde19626d878ba3502777991c3cc173303dbbf01213ce2aa2883f1db0e63,1467785
data/processed/ACDC_reg/patient053.npz,c53c02e37138119f627844cd772714de203fb946ab03c7271aca7ef8921d4d40,1284932
data/processed/ACDC_reg/patient054.npz,7a76788eac1d1521decf013682e2da99dcf453bd72ae18addcf24811312bff49,1473311
data/processed/ACDC_reg/patient055.npz,bdd7378e2e018836286de7e7a3afbc2cc273de9263a7d9718383754064dee79c,1648396
data/processed/ACDC_reg/patient056.npz,e334d2ebe4004603eb0f11b7f5b86fdbaf98d5a64d50c4a3d62bc074ae750ccd,1655264
data/processed/ACDC_reg/patient057.npz,cf7755e3080227f92ea7e96b1fd419b7b504a600aa018e76783c3f3166ba5887,1469580
data/processed/ACDC_reg/patient058.npz,d33fa526d13dc8b0bdad9c90a4ba6e91c4cb10108c9863202f1d7ecef3596642,1655630
data/processed/ACDC_reg/patient059.npz,149417520ae87e978b86566be18ae2ba63832a22dfbb4d1e64f24346b3917d7e,1651518
data/processed/ACDC_reg/patient060.npz,3b07111ebcd62a845fcd634e1561c404575305913305f895accef87e780ae057,1654618
data/processed/ACDC_reg/patient061.npz,122c69a64ff2a6099878cc618725784a70f92c2a7fe35fb7a160e2485df7533b,1649965
data/processed/ACDC_reg/patient062.npz,73c634b440cdaea112d4a7338fa9deedd7e9336f69a29f6e7b8cbdaa595f805b,1829087
data/processed/ACDC_reg/patient063.npz,596834259208e7f9b8becd89e26c0525705e19f71b0ca8cca2591ce6bd2279bd,1469971
data/processed/ACDC_reg/patient064.npz,7ecbd78ecf8409f9f754619ba473cf671f42ff6087083b34509fa1fabec3ccbf,1837968
data/processed/ACDC_reg/patient065.npz,33b9d6fb11cc738c3f6fad1f88ac5aa07e74e2df0f702b28f794006feeb0d2a9,1466862
data/processed/ACDC_reg/patient066.npz,f61e5efd27720545434de2c82ae337c7dad137e91b2a7a3df9ccbb29c4fb8325,1653729
data/processed/ACDC_reg/patient067.npz,190ba3dd97d26484b7e5bd34b8e790ac768e31320bf324cff5b27235e03ff96e,1832833
data/processed/ACDC_reg/patient068.npz,8b44f0b8a2c8f678e2986f434e54c8eed70364d939e302bbabfd986acd1918ee,1284599
data/processed/ACDC_reg/patient069.npz,6532b106b43cb8ccd6823b749193d355b5737d344e782ee4fc87cad89a78b171,1286974
data/processed/ACDC_reg/patient070.npz,51fb40504061cd50d2af0e13baf7f3669e83982f0408d01ee6688e64a64ce086,1104448
data/processed/ACDC_reg/patient071.npz,c907afd840c546b06383e05baab48e0c9ac422e144c42a7cc0ef1cfb6f6fbff2,1840441
data/processed/ACDC_reg/patient072.npz,664d7e2c316abce086a835cfd04c6818f4f17e23a6a998044738fb8345a9a3b9,1472807
data/processed/ACDC_reg/patient073.npz,cdeff3c12def717d9a436ba589f1a787eb31b99f0956cdde5f14e0851e101b79,1284105
data/processed/ACDC_reg/patient074.npz,c6058c1c33ece05c39f13c5be486ce78fca78104f6bcf819d11b75120d69a4b8,1464690
data/processed/ACDC_reg/patient075.npz,f3ddf277e91bb57392e9f6b8a4a4fc9a5470dd86489c58d585376c2ddc4304a2,1284700
data/processed/ACDC_reg/patient076.npz,c6e05fd57db124bb2e8344686c7dfd5ac5b46863ca878692f628e862bcf54653,1464722
data/processed/ACDC_reg/patient077.npz,dd3e230d6728125652489c3b2109154dbc2ce0deb05995356aa2074778ee1589,1471488
data/processed/ACDC_reg/patient078.npz,f0c734118ee92179ab34341d309d51bc7a5ef09fb9e1ab5a678bc69b3a9a20fd,1469766
data/processed/ACDC_reg/patient079.npz,389c38d02ee6cca14932265bb94a47f2fb982beec526b2586f293685bb16e20c,1653561
data/processed/ACDC_reg/patient080.npz,cda906389a3d9661601ee71fc5c2bfe97e44be4eceb4c3728998a76453a0909e,1100542
data/processed/ACDC_reg/patient081.npz,827328935b23df83f3223d75a3619199d8c72405a7d33b43916471fa7c1ec510,1472991
data/processed/ACDC_reg/patient082.npz,e75412a116dbf90e372216de7ce31ed336c71492894e2f4b842427d4be19af05,1465638
data/processed/ACDC_reg/patient083.npz,19db53da0f83fa6ffbd187faaeb36b2693ced481b677199f567c0adaf5f39437,1103232
data/processed/ACDC_reg/patient084.npz,8c42c835458c5cefd9a0e81ba6b30010a68d7ae965f7e35898a70c9dd9a890c7,1104540
data/processed/ACDC_reg/patient085.npz,c0fd1f4b7d2db0e1f6e2892b3c870a3f4357e8bf4e2d4553e3a9d42673fd490a,1468139
data/processed/ACDC_reg/patient086.npz,22b85d13241517ea3bbeb9dec62a766c6ea53c019620d3c23c9eced54abecba1,1286735
data/processed/ACDC_reg/patient087.npz,b03f53b331cd5c019f70eb9f37f12a9061ab1670f7d2cec12a14367a9fa07850,1468320
data/processed/ACDC_reg/patient088.npz,70e2dba1a7a7f83cfc19b026911cbd4e302802b9212e62f5e119ea6df25d44d5,1465126
data/processed/ACDC_reg/patient089.npz,75293816f6ea8eadbd9d00915359ec6dcd47652c57667aac0c34109d4db42f01,1100167
data/processed/ACDC_reg/patient090.npz,fe902e71fc67d3662fb35571803626d97a5cb1e0a6d4e9d9abf60ba7e036e438,1286503
data/processed/ACDC_reg/patient091.npz,39fabd7af8e4828137bf2d0667536efcc31a854ce27e5d1421b52b75321befe8,1473474
data/processed/ACDC_reg/patient092.npz,a2b449aed2e5d4909261b26622ee8e4c56422c7a1aed93f03567b4978e5df56f,1467963
data/processed/ACDC_reg/patient093.npz,d4ba3dc6ce97667c9ab51202e42107f2e6b2508395dce1b7f1970d76c64d2836,1287754
data/processed/ACDC_reg/patient094.npz,7b53edae1ed9ad867959110cc277e17e8642959bdd479b7470bfbb54d62d4325,913630
data/processed/ACDC_reg/patient095.npz,215a21929a5fec20b33b8702650ccd38b00613728a4d39d46ce3de30371f369a,1285727
data/processed/ACDC_reg/patient096.npz,fda91f4e02abbfd0702e9acefefd8af2d1549e142fcc97c084b669d38e74e6ed,1654461
data/processed/ACDC_reg/patient097.npz,e4254ca9c4d1459b4b965f83086bddcd4fdcceafecb56318e6de94081d1103fd,1464477
data/processed/ACDC_reg/patient098.npz,24e01428f1a91309720728327343826b611ff069fbae55391d48e70dad0fdb57,1292444
data/processed/ACDC_reg/patient099.npz,77736211fc771e2c845797f17d4e91af4ced0e9bbb12be88bb2fecaaa782d38f,1468558
data/processed/ACDC_reg/patient100.npz,8b7a7fc7f54f7f8ad6913667d0ab3a4f883c9ad7fac09edf05bca106df9e0eaa,1466472
data/processed/ACDC_reg/patient101.npz,045d87575e2b7ba43a19c351bea5c4be140e883ac32f9bc52179058eaa64da86,1835305
data/processed/ACDC_reg/patient102.npz,cf58bde4f855682ed0615451f24670b5b0e472341feb660aa74c687513c42981,1471118
data/processed/ACDC_reg/patient103.npz,3dbaf6de5e9a4f7178486c84f345d9b1a18d4ac8189abba9886263defcb00930,1656130
data/processed/ACDC_reg/patient104.npz,b0e924ab11c2737cd0b708b5d76b92a3f4f46f69fb0d07a15c444d526cddb32d,1653472
data/processed/ACDC_reg/patient105.npz,1eadf49969916286df144a210d854b7db5d712db528531a9f6c29fbf45999244,1835650
data/processed/ACDC_reg/patient106.npz,2de89b8d9675c9471a1538001b400a9f9dcb3e999bdbdce8a3ec7aa6798a27ce,1654868
data/processed/ACDC_reg/patient107.npz,6d4d3cb19e451e122e617c8249d51ee67e5e3f77450b66fb0bbf9bb430587b2d,1651949
data/processed/ACDC_reg/patient108.npz,03f737acb8d84871f8deccdeb4340cfc3d9f492f378fd982b1b4b68f624de689,1833934
data/processed/ACDC_reg/patient109.npz,e1557e9f6adba3897ea17b9f559c7f2d1d3bd394be8964a122abf8228a46753c,1466634
data/processed/ACDC_reg/patient110.npz,76d23cd1d8238e458744172887cf903ac05fdedd6be31ae616330f8b6df91b35,1649454
data/processed/ACDC_reg/patient111.npz,421b859e6805fa22c4efa8bccfb4d6fc1178c7a944226d0c34993c97d281c2a3,1101167
data/processed/ACDC_reg/patient112.npz,d160ffb62e0a9a047ae7cddc931d4cfcd8ac4f1d7954e472c478170eb9cb98f8,1837978
data/processed/ACDC_reg/patient113.npz,76197e89c3d9d5f7fbbd091712b92cc601c5eed5e283ca638837e49ab0bda138,1831796
data/processed/ACDC_reg/patient114.npz,986059fe6b0c46531d58833dbbe78ee963aa3795ef0604a8f7396d27b0012101,2022760
data/processed/ACDC_reg/patient115.npz,38b54549101614db4035f20b601f906214938220569581f850473a7631d133b3,1837325
data/processed/ACDC_reg/patient116.npz,999791a4edddaacb9ca136d6805f685646c9b34eab8a91cd43e56ab230de8ce4,1838436
data/processed/ACDC_reg/patient117.npz,e18769a0d34c9c5c7fa8ba6d9f863693b80d3f2ad15f202e3915383ac2276921,1839408
data/processed/ACDC_reg/patient118.npz,2e5a502cdc7e9605e2bf012603ad03c65c11d620fc6e3469d65ea1b5b74d1d3d,1648532
data/processed/ACDC_reg/patient119.npz,f1f7ccd6f796090417e53bbc216233d33821f949c97e621ffe7bc1c888786390,1469327
data/processed/ACDC_reg/patient120.npz,b46c69f8a1533a6eefb86a60bbe7754e952b82feb1f8d060b17abb89facd0c9a,1655101
data/processed/ACDC_reg/patient121.npz,614dbed215fea55edfd48e32946f5a30739d4d8cf7daaf0acda19642c61d541b,1469989
data/processed/ACDC_reg/patient122.npz,b667635f3fef02baba1feffd20b2e0811176eb3f551001c4954fd23df10fda1d,1652463
data/processed/ACDC_reg/patient123.npz,3cfee5ca7cf6469f37926611758108f3fc6dd0c3f43b7c893acd6b26cbcda03b,1467797
data/processed/ACDC_reg/patient124.npz,53f16622f930285881e0a16b565fdc4567d213bc50fa95b324ac69fbb0b7b451,1836262
data/processed/ACDC_reg/patient125.npz,10a1871035d486e1f929f9713c749e9655cce5121cfe81e00de6364800d66491,1467663
data/processed/ACDC_reg/patient126.npz,2df41e9183dd330b62baa442a19f375041a4826e8628b2a596698274d25822c8,1469613
data/processed/ACDC_reg/patient127.npz,7e3254f462ce3c605f8d4ebdd65d5aa5276398c2e008535b824878efb7053dbf,1841324
data/processed/ACDC_reg/patient128.npz,ace27bac69370c1b7bab8b8b112273f366132c7770b9522cd172b99bd758d961,1653853
data/processed/ACDC_reg/patient129.npz,cd02d30daab2e255ff13f2a60d6dde8c4ed06c679f9368fb7a26bca39596fc25,1468820
data/processed/ACDC_reg/patient130.npz,2aa3041e84fbbf07094340f5cc3964412c0f2ab37808dd92c5b5258a9b81c901,1827074
data/processed/ACDC_reg/patient131.npz,60be8d914d6dd993504ed6c1f5ddb7c87fb6e07bcf5c368932fb155984df1a8e,1836180
data/processed/ACDC_reg/patient132.npz,891819a0918c6f84943fe75c3dd5ce6b923c2faaa449dff491ae4ce472b7936e,1830422
data/processed/ACDC_reg/patient133.npz,927b4c67260288816668ff892606d5bb81c0a16eb2852af3c97f99b231533ff4,1836385
data/processed/ACDC_reg/patient134.npz,932c94ea24cd750913a96fabd6a58a8e99064040407283ee947e4df71cc1f6a2,2022111
data/processed/ACDC_reg/patient135.npz,5b6038111d031021c16ed5d6cb943857f301738a464206d7d80ca256b1f3adff,1831077
data/processed/ACDC_reg/patient136.npz,f9e7fe07033d02167f1f2a33a98b017fe956f209524fc4f9be99935e5cf44db6,1836655
data/processed/ACDC_reg/patient137.npz,0f6258488565463e139f47fc8333b423bd1bfb6b054dc7f930c806dc4e7787ad,1654027
data/processed/ACDC_reg/patient138.npz,befee572fcc75eaa817b283d25e46c9c509dc10dcb838361208ba6ee75267a8e,1653159
data/processed/ACDC_reg/patient139.npz,dc4c324e6795e3563f4db5c3c3c3c3a84dfe95142e0acb14a28753ee7fc58633,1466378
data/processed/ACDC_reg/patient140.npz,d2d52a962bc2f8895254547ec7c21770a1273879e6a0a20064ee6b695de7c778,1840329
data/processed/ACDC_reg/patient141.npz,98c4fb565f11d085645275d88c59de01e591a8d902dc37f70a81dd313e3fcfbb,1835389
data/processed/ACDC_reg/patient142.npz,c52b73e904317c213809b19f29c3189e2b0c90539de8ea6c19eb11b8acb72de4,1474013
data/processed/ACDC_reg/patient143.npz,366fb995464933235700117d681351f4e1efa1f9d7e4143ef9c2ce3341c0deaf,1832577
data/processed/ACDC_reg/patient144.npz,13f6410b77a4f0b8142d60e0e9a1402dad1bf34f5bda324598c2586fb32f854f,1467632
data/processed/ACDC_reg/patient145.npz,4993c1a656e22b4486ee43d17a76093f5435277848bd4a9bbf6ce89e9e65a621,1831685
data/processed/ACDC_reg/patient146.npz,31115aae046396887c72e8e72ffcf88751a52dde02dcc9948a4e4385883ad646,1650917
data/processed/ACDC_reg/patient147.npz,c0961a7e06b4dc629f4b65cfcb05aa9ef08b17fe16c6ebd802d782875f30c510,1463577
data/processed/ACDC_reg/patient148.npz,46c6abf2676cd96385981085615c0e30633b6b4c9fff4bafa730889d6aa39f24,1469526
data/processed/ACDC_reg/patient149.npz,2bdaf288fd547aaa13aece8b721f7af35d24ce3ee636d3e8e9ab6a7d2399aa34,1837061
data/processed/ACDC_reg/patient150.npz,b2bbc0d1ba388b5f547d033146424fff2fe8d21235147f7dbf0ac85c5bcb119d,1468197
data/processed/ACDC_doppler/patient001.npz,9f140efab87bdacb07b7b3690ffbfc68a4b6bbce31bd04a0df3e7c85f9754f17,4862562
data/processed/ACDC_doppler/patient002.npz,d5f4dd26da563025aa6411efe36f84883f0d2302d7ab6a26a650cd5c1bc07398,4877953
data/processed/ACDC_doppler/patient003.npz,b54e40ccfffb8f344c40859e9aad83a65569fc74fcfb9c3c6da2d39e145a09ae,4864448
data/processed/ACDC_doppler/patient004.npz,9d4557b8aa02e838566a6efb5f191d9124e72a82082a34b842655906bf5b2724,4871778
data/processed/ACDC_doppler/patient005.npz,7d8c99078c0773911739fd77bb0ba937e5fca138b1726fb148a1bed6ea748771,4849835
data/processed/ACDC_doppler/patient006.npz,8dc77f59bc0c05e608a3eadf8b486f07e1dc21c511ba40b5fb508e2ed1784b9a,5345972
data/processed/ACDC_doppler/patient007.npz,d56cdc5663d90bbd5e64b242766d20a65107372e25aa3dcc18069ad4fb7e3b76,4870959
data/processed/ACDC_doppler/patient008.npz,7c3b4ef2ee924b51da8e6b0d13b110547fec446239dc7b74f6fc4d1f96382cb6,4871031
data/processed/ACDC_doppler/patient009.npz,2ad68182caba5b87dfb530e836565ff2a1686f1279b2f53fea08a1eb824a3d46,4874511
data/processed/ACDC_doppler/patient010.npz,e4b4857bf4b0f2f74083a87b27e6a9cbba73f9e0fc55e81ec4ff19c33b6bba8d,4859955
data/processed/ACDC_doppler/patient011.npz,d4eaddcc750830c278f7f2841d5b939b26075b5eefcebadedf462369bdd2bc89,4374837
data/processed/ACDC_doppler/patient012.npz,5a1116fa5aee1561d31372dc3e3c46caf52e692131f26664274fab023889604c,4875936
data/processed/ACDC_doppler/patient013.npz,06e72a727d74b9a866004c7024d8a66bcf99cedde53c4ef21f87c3e0bb21121d,4868518
data/processed/ACDC_doppler/patient014.npz,11338ecf090b06670b3896f30b493e5be2447588909442a336d504f776ea3360,4862397
data/processed/ACDC_doppler/patient015.npz,18b64802f70c6595f78bdb3893335fe4d2511b4f5cfe83e761eb4be63e817391,4360497
data/processed/ACDC_doppler/patient016.npz,110a6bd0bb6f5c8bc5281375cc886f10b593a8036956423c7722e776c6d01e10,4864924
data/processed/ACDC_doppler/patient017.npz,bc37e0cd31659bfd55d432d5e1488109e8d2b195587a731fc9f1264dc4342407,4377822
data/processed/ACDC_doppler/patient018.npz,f2aa436e20de207a07195925cb4a73e5ce0c1011fe686d7e8c1afbe7c5a16ddf,3893665
data/processed/ACDC_doppler/patient019.npz,ef6215f48f199f5e6a445df4fa82b0962b9346d616ed95352d7de063fed0c1c7,5340990
data/processed/ACDC_doppler/patient020.npz,d3fb9935474fa09b716e037cb6838b7435bf97555799b2a9f9e43e1ddf6a25e5,3890152
data/processed/ACDC_doppler/patient021.npz,bd06332973abec4df1a333339841a4e428c24891685019eeeb25c09c1a5ff841,4869750
data/processed/ACDC_doppler/patient022.npz,4f4a881a9b53ec5757337e38a4206a0238d0e89714d860c65b797e4f7598b1b4,3409749
data/processed/ACDC_doppler/patient023.npz,7174616e6faaab3cb22d2c60bcbc00f93dd513768d9e794f6dc0f5efae505e0b,4375118
data/processed/ACDC_doppler/patient024.npz,4d58e3c4ecea01ac346283a6703df54eec15a86d4a64c987dad50f0b3c63c5cb,3884286
data/processed/ACDC_doppler/patient025.npz,6f5b5877087f1c133ce688e189b0022f980dbeda9a27543b08dcb9966a6fb369,4383562
data/processed/ACDC_doppler/patient026.npz,6a74b9d8e8925fba87ff11c565bc53ba5aa5f84da94d23a94b6bbd7cc0925f79,4871902
data/processed/ACDC_doppler/patient027.npz,a7bb5a6bd6c2bb65baf449840a30debe9f81c312aa8b876bbfada5d6245267c7,4877113
data/processed/ACDC_doppler/patient028.npz,2f771dbb410c3558d78c51907ead9943f261b2c92f0dec0161f44cddfd72b4df,4865489
data/processed/ACDC_doppler/patient029.npz,4eb5c87be85cd70e489e71042ad46776a3123226d55580b7d3ce1bb1a5697a08,5365626
data/processed/ACDC_doppler/patient030.npz,2b6f1adf518bdcb779479d8f46db3f2e1573d865504fa0c267acd182f59ae785,4869275
data/processed/ACDC_doppler/patient031.npz,e60de42730bc3039b27d2cdd80f65a0c837ec50682896ef4037be885c67de155,4877928
data/processed/ACDC_doppler/patient032.npz,deff4d047cda5d20ef62ce937e0183a16515c976392c2d756db54dd2f464805d,4862627
data/processed/ACDC_doppler/patient033.npz,a403043085ecaf8bf4f521866f7aec7bc1f22daa1430debd5d7c0e1c30b630c5,4875214
data/processed/ACDC_doppler/patient034.npz,2220cdd42be652db637246ef16fd57fa846b1ce95a0b8c896465336c7c4e29a6,4853925
data/processed/ACDC_doppler/patient035.npz,73e7eebae476b1b3db123f06c0eb3351b4d919017937a4ea9402d45fdefbc072,2925626
data/processed/ACDC_doppler/patient036.npz,f7ffa5e4a0ab855c71e8174a07bf40754ba2fc8af4294e770ed96a2307541d05,3895976
data/processed/ACDC_doppler/patient037.npz,f017e5509488220cb91f9bfb5ae279bb22aaa1746833c8381d8b3464c1237e76,3407446
data/processed/ACDC_doppler/patient038.npz,985c811b674adb1d88149a4872495055b463bd9b1756a38ff5df363a66221b9b,3899085
data/processed/ACDC_doppler/patient039.npz,c888c11f49009a50030a32dc60e11e0042c59e7749c75cbef2339fb2b4c2ac43,4381461
data/processed/ACDC_doppler/patient040.npz,1d055e38113a27ef590d9e621731971a8e0c3ed4dc90fc9a53d6bc8e79717c69,4879003
data/processed/ACDC_doppler/patient041.npz,02a7d78dfeddaf301df9b9e49df4c65e0ace8081ea1e3188a7d92bddb291dbf8,2925100
data/processed/ACDC_doppler/patient042.npz,0a4a9d150653f6d2f0a8556a91671af833c25ab5130feacce81d4108a4ee6613,4387538
data/processed/ACDC_doppler/patient043.npz,54f4856f67b21921323e1e260f7e3c12de9e09e03945b2293b981299a6497a85,3896567
data/processed/ACDC_doppler/patient044.npz,ade0dd95eb0a6b7695b08d7108f736d16126327d3923e4333d20d7ae1b9a4e5e,4370481
data/processed/ACDC_doppler/patient045.npz,59ea6e7f57e8964dc33853aacabcccf940bb0bf3366d3e37afc9f8846e084d4c,3870865
data/processed/ACDC_doppler/patient046.npz,555d124edcd053a38243d1ea688b117a440f7e08f5180fd896c2fd6406b23ad8,4363245
data/processed/ACDC_doppler/patient047.npz,773599ac883123481e2408de2dd2e03832da3ed1fc0861782594aa04b6d87eb8,4375259
data/processed/ACDC_doppler/patient048.npz,ac6183841b52cefb5e357cce184b4909a887388739a1e38eb0156710cd9669c5,3897496
data/processed/ACDC_doppler/patient049.npz,faaa12dceed72ef5e624a75e17b8b981924828f751c22b2476e5a774a02f558c,3403910
data/processed/ACDC_doppler/patient050.npz,13e7d2e1dad6e0e48c8e59c3d5e3b299b955e4c8e264620732d7e0442f9d2556,4863875
data/processed/ACDC_doppler/patient051.npz,eb7bd4bda5710a46799bbe7399e19efc4e77e2420c5b1d037710fcbfe41c17c1,4861177
data/processed/ACDC_doppler/patient052.npz,4562a0b2c5dd732cba0a839c2a1fa16d89355df9935f5cdfdddac9553491ef21,3889776
data/processed/ACDC_doppler/patient053.npz,f92e8368de8cf2b6ab775ab2fb0577a0b745ef94a03c651ce457abf745813e56,3406825
data/processed/ACDC_doppler/patient054.npz,b86a1ee4af82189997bf96cab87f2dc04aa2698223fc9c7aecdb5e2130814592,3902366
data/processed/ACDC_doppler/patient055.npz,030beeaac670c2b8be49d54d23c67522798d87462876746403cbd5175a7b9726,4363309
data/processed/ACDC_doppler/patient056.npz,23ac6c4f4b91fd231563ce370d5238e719f8655311e1d44b5b2fd7fbafdc40cc,4377821
data/processed/ACDC_doppler/patient057.npz,55b6031b03cbbb103f43ddce2f7f45041707b77437580d6460fe9faee54e692a,3890504
data/processed/ACDC_doppler/patient058.npz,2c63b6aba542870646200149dc8a35aaaa3fad1d2305e780b61e3e8d6acb6f84,4389091
data/processed/ACDC_doppler/patient059.npz,faa41c3fc57312af1555900f91ed9c0552920852e2798d18dd26a8de91a14660,4373594
data/processed/ACDC_doppler/patient060.npz,e42dd8d549d88c8594acde4d5a46144a545a7c348dc6c72a6bdc63a8dd12dcf7,4387158
data/processed/ACDC_doppler/patient061.npz,810dd2bd246fbcb29bf1e609ce6523f05f16e7d61af11874d66315fcc1972372,4371524
data/processed/ACDC_doppler/patient062.npz,b670d4eae9898899b00b67295148ee29050946988d7fc8c45ad6eea7f2050827,4846412
data/processed/ACDC_doppler/patient063.npz,2a0bee1928d8c00d1e82ccc59200100987b7f0983e36110d0dab3a8bf2fc6820,3894473
data/processed/ACDC_doppler/patient064.npz,a1b9395a1b4750b4342de1d5d38b8104b819a9ae4579cd65c0d36b5e760b09fa,4868037
data/processed/ACDC_doppler/patient065.npz,7f2a690e54afe1144345fdd246ce40344a5808b31648571d1ea48ae5c71d7ae3,3889132
data/processed/ACDC_doppler/patient066.npz,d9e36795429d36c24b3fd900ad4fbc24442e2d5d2d52062dc0f285ce4f46bc44,4383320
data/processed/ACDC_doppler/patient067.npz,bd9072a2db671616b19de78f5fc09012b609d739b74d732770389bb9fa7cda7a,4850415
data/processed/ACDC_doppler/patient068.npz,2365b84c0b782f204f2ef5af3c7d27208bc19f4df77cb167828e055b8e09ad41,3397371
data/processed/ACDC_doppler/patient069.npz,de53039542dd1510a0a500222c8f7a85ec3f5228488d243628a42867f2769e86,3408070
data/processed/ACDC_doppler/patient070.npz,ccef7c98005b83b73eb314a6392d74aff1215ac12efb36347a97af280e736d3b,2925697
data/processed/ACDC_doppler/patient071.npz,1482fb49a17908ab134fee387904cf0417084e0368acbfe9e5c3f58e09f30c90,4872601
data/processed/ACDC_doppler/patient072.npz,64a2d1bcad9cdc1f1bf44e9aada45fe0d4e70f8d7ead4e4542e7db717d042282,3903425
data/processed/ACDC_doppler/patient073.npz,493d3532892bbafabfa40d4345cd19cecfef45fa3cba0c727a11625bcc9fd6e1,3394590
data/processed/ACDC_doppler/patient074.npz,60f670b978556430892f8d71740c899455f043e3fb4239700f504047a9c562de,3891272
data/processed/ACDC_doppler/patient075.npz,8711b6b44b6e35242271e7b838fedb4ae93a43df4d6b8f613ddb410e67e87c75,3406031
data/processed/ACDC_doppler/patient076.npz,da788121ea209bcea3c8a419058234ef386aaf7ece133b85ddfc1a27b8d4853a,3891155
data/processed/ACDC_doppler/patient077.npz,6a9e4409edcbba56f90082e73b786a9350dfb161e0ff1f75b422d8d492760833,3897481
data/processed/ACDC_doppler/patient078.npz,2e2ce4ff70bce0afa7f7dce4247def3d0bb21d9589d2ae0ebcc80762dd9840e0,3892918
data/processed/ACDC_doppler/patient079.npz,03ccd160af5fff8657342e8434a81f9365cb41e277f00211cd55c9c61ca4b698,4378302
data/processed/ACDC_doppler/patient080.npz,7c8b0daad745b16c000942ff382bcc9219e9fbb901af6846c0a34ce198dabb76,2919462
data/processed/ACDC_doppler/patient081.npz,f90a59de90e8c5337c7e42b230af0a6d836d9a424d81f2f0276bcb1bea6a9594,3901596
data/processed/ACDC_doppler/patient082.npz,13dac0def74033190971720bfccf7c062fde3fe7f5a91341e169d7f28f2658e6,3885239
data/processed/ACDC_doppler/patient083.npz,7020e3bca7f7ce5e91d655d424cb460b13411b9578c8b01bf369ec943b9146f1,2922341
data/processed/ACDC_doppler/patient084.npz,5ca1d8524a016ba0e562688b9bd9e16f5d549df60b030d9c7f3d9b022a77e04e,2917969
data/processed/ACDC_doppler/patient085.npz,59c144f2690e5bd351af081bf7a8b489609fa64d7ea3addc54528c44825a6d02,3890439
data/processed/ACDC_doppler/patient086.npz,245cbfdec55b5a0dff5fe8bdedd84ac4d5cd7d4de348eee48e45a529ed19df4b,3410768
data/processed/ACDC_doppler/patient087.npz,4b47fa78c0d98c2fcb91421a471b563679ee31afd54b569c54d027fae48a1f89,3892067
data/processed/ACDC_doppler/patient088.npz,75fa89f80599a812e3df3b14f59e5f9e96d70e6949c9151162a4e65271760d43,3889353
data/processed/ACDC_doppler/patient089.npz,61a66d3c55d6a9f8a2c3b0bf3dcccaca9b9d516298d575668aa5956d2984bf75,2920298
data/processed/ACDC_doppler/patient090.npz,54214c9845c3e5a28017c9fe6fb97d5c6491d13c3f6197d391b21b624d9cdafa,3407059
data/processed/ACDC_doppler/patient091.npz,d14f87c24cb51899a7146c4548a28f48e57f3577f4d34370c7cb9392e4df9af7,3899437
data/processed/ACDC_doppler/patient092.npz,ea2dead7af82004f3b28d9d1e8bd3c3227823612854dfdc8c628b6e40e421014,3882761
data/processed/ACDC_doppler/patient093.npz,45162001919a9fd55a24c73d8da334fe979f05772ae8568c85334ef3ec81e789,3411698
data/processed/ACDC_doppler/patient094.npz,150cdaa016b5b481521693be3a3fbd3b3a6cd8b7abf33a6e671447b9663039ab,2421935
data/processed/ACDC_doppler/patient095.npz,d71ba6258a7e52d001e13d7e3e5f56e194c75a1aa49309cff97b28babfac6055,3399205
data/processed/ACDC_doppler/patient096.npz,810ad0f8b0ed534d9752c557635a9c99d6c6b3092b5adf0ba13bcbd6aa31afe7,4378614
data/processed/ACDC_doppler/patient097.npz,c844d5083f027e08d3d9f55c19f486111ea065ba47afbcfd502c69f2ba593d06,3893085
data/processed/ACDC_doppler/patient098.npz,518d9cc0555456a2238a732638a4ed1df8fe8f05bb697d02a924147fb830a9ff,3420305
data/processed/ACDC_doppler/patient099.npz,99c0dbb76cd5d85ccfaf43a5784b50834184a32e798a982488ec41436889f22a,3893080
data/processed/ACDC_doppler/patient100.npz,284779dc374f704758f45418ea7d9df0f582b1cac52ea8e112c6a7ff6b9e4ec2,3887971
data/processed/ACDC_doppler/patient101.npz,9fa18ea7a88bad1ec200973edf767b26e8ea1f3c40e70e3589915fb47bb9447d,4868878
data/processed/ACDC_doppler/patient102.npz,0ed80f3666d32282cdf57cdc78638ac47d1fd9f525b3c141de1427af33b27e3a,3901855
data/processed/ACDC_doppler/patient103.npz,089a454706cec6d97f479af257cd36bd9b75ad4fb62e3e168317c1565d3dd58c,4379847
data/processed/ACDC_doppler/patient104.npz,e3ebfc1796400c9ae5796a0740c78e99a65d563c0ed48dbcd865ed1763e22e6c,4383694
data/processed/ACDC_doppler/patient105.npz,ba5ddc0ec197b95cc2fe79d9d06c8a495125bb67202060bc2ca39e9cf2c81bce,4870274
data/processed/ACDC_doppler/patient106.npz,305801a6763a84176747ade2d09b268f4acdb7fd9bd74680049d34595f699fc1,4377281
data/processed/ACDC_doppler/patient107.npz,d3e6785a60951f81192f70feeaffe91f8f5b1f6af6932b172e37f1d10845499e,4372380
data/processed/ACDC_doppler/patient108.npz,2a143803ab64279802560cf02a1c49d8aa22d8139b23a637ad37332b87091e3a,4858277
data/processed/ACDC_doppler/patient109.npz,19063fb9fa69a0357ec8faf055b8ba24027a22eb9620963ea5fce778a2339c6b,3879744
data/processed/ACDC_doppler/patient110.npz,49f26b16fa57614fa5381235b017011c133d2ee2a8b7d837bc42bbf5cfadcf2c,4368973
data/processed/ACDC_doppler/patient111.npz,96a77b07dfd43023d8dc839093240b7fee862b815a6b80586e60f0a346f17bc8,2918068
data/processed/ACDC_doppler/patient112.npz,eb3779fc94878d5ab9a2f0a5f680e471144a09dabbf83a3e49841f6100307780,4875503
data/processed/ACDC_doppler/patient113.npz,07682ae5eed49e60ef3f8d72ecadccc5fa7bd3fddb55256763bd0095b9f3515d,4857537
data/processed/ACDC_doppler/patient114.npz,eb1cfb04349634dc2038f78443cd2bee2c369ab7e8060f8b8b21877e9d590e8e,5357705
data/processed/ACDC_doppler/patient115.npz,a1d88e2531be4a82c834a3034e21ac0e2fe17826222be24413d66dec16f80f19,4871450
data/processed/ACDC_doppler/patient116.npz,40f3c35cc84d47638f0ec0c90a9dca602fb05aa7dc09bd436d13b6f566fffae6,4873031
data/processed/ACDC_doppler/patient117.npz,01a525fdb14f1c6ab7c3ce4a00b9e9fb63ac3e6a1dee5553cc74693928e6b1c4,4874485
data/processed/ACDC_doppler/patient118.npz,a53749f0650bf2bedf775d07f6463b7344b2470496ee2bbf01ebdb89ea4a4ddf,4362199
data/processed/ACDC_doppler/patient119.npz,77006f87db4e01b84b3dd5ea3016203e70f926001487b0a78cdc18c0d5f6dddb,3890640
data/processed/ACDC_doppler/patient120.npz,7e68c31eccdabdeed8e329d63574b7ff6c4339af9adbfa4833aabde51031fac0,4383872
data/processed/ACDC_doppler/patient121.npz,098de4e8b5f6db556d3c27983d7f4f8cc7f313cc59195f39f1a92399bf0487de,3888233
data/processed/ACDC_doppler/patient122.npz,1dfd6b083522434aa1ceabc6577c3095e23c824a6239f4345c63bd77acc3fc38,4385378
data/processed/ACDC_doppler/patient123.npz,24d2ca2ab23bd5e1f5ecb421a83fd1bdde085921786ad47ada0d499b49e81838,3887411
data/processed/ACDC_doppler/patient124.npz,da5138ceebb38482f2d09e3767dcb3e1fb8b1725f866ef4c4eede363458195d1,4866684
data/processed/ACDC_doppler/patient125.npz,6fae7506e2bb73e301760e4f00f904db33185bf9ba2e747b18cc2bd67c9b8612,3885201
data/processed/ACDC_doppler/patient126.npz,8d7cd261dd0c0e9f696ff5a211b8539a81175809da0dec61bf5a859e396838d0,3889963
data/processed/ACDC_doppler/patient127.npz,27c0212cc6d91b0a710d1ac42cffdb4b5ce3c99e97473bbd117681d121bfe6f8,4872413
data/processed/ACDC_doppler/patient128.npz,e5bd5062fa97df3a7ca979b4e04b838f4c86f5de94d5cc94f23f437215cf2d94,4382341
data/processed/ACDC_doppler/patient129.npz,9cd2c51b2248d74b060f8265fb71194ceee1ca8f82e3059e46be0ca923bf6790,3882678
data/processed/ACDC_doppler/patient130.npz,bf077d957888e6eac28f2efd7cbf121bb85307900b87bb66cabaa3778803114a,4841033
data/processed/ACDC_doppler/patient131.npz,9098aaf43233fe47c78eca15fc597c5f97bf68cd295a6ba41ae5de4986e6cce6,4863352
data/processed/ACDC_doppler/patient132.npz,c3c3aed9f92953fd3e85166af215daf1caee4e7b41c76148a4421b87c3ca5251,4858582
data/processed/ACDC_doppler/patient133.npz,279294dfbf8c5806c8564e39b66cfa12b1cc542b868e4bba50bb2984056135f8,4857484
data/processed/ACDC_doppler/patient134.npz,167a994d1d1a84e684609c354f92dd9575e3357db23ef438163aeeb63588e586,5355819
data/processed/ACDC_doppler/patient135.npz,1f431afec7a3a6d6dfbf3f1d505e7a09d584e63a791649d8d0a2e55642c9d77e,4859088
data/processed/ACDC_doppler/patient136.npz,b89a1b592b971a323deb40135498b87f7bcb8b42c5adb6c4dd37ad6d0428dbd5,4867180
data/processed/ACDC_doppler/patient137.npz,efd7a570374ade019bc45818411f423e5a752a85f926297af4468424e8e97e77,4375467
data/processed/ACDC_doppler/patient138.npz,af567b7c28f517975561cfbcc91e86c96b5f871b3b2adad19884de32c6b04a2b,4386835
data/processed/ACDC_doppler/patient139.npz,cc7181352d17b3c3830cbd85fa00b6f2c32c45f9151683f0f7b6e0c1c9f26b60,3887626
data/processed/ACDC_doppler/patient140.npz,57060cd14a7a4b60c60d3efe72c0f0cd3c3a5facf64376bc7b178e28b5079f52,4859503
data/processed/ACDC_doppler/patient141.npz,36f02cb02fb216958d975e15d80c747148da676c24b0561dc965ffed8ebec526,4865686
data/processed/ACDC_doppler/patient142.npz,73a3a4d89de0d39b200f280e3038f70e59acfce8a2f07ac4a02e33e88a52fa1a,3902660
data/processed/ACDC_doppler/patient143.npz,a3247c383a1d1f8acbd22f39e6002bffd0d540752e7b0965ebc67c495ab48823,4854943
data/processed/ACDC_doppler/patient144.npz,a291fc2acc5ecee5ee6bc30b0bd0f227c5dcbd6425fda0831e38878f0b3194ba,3895724
data/processed/ACDC_doppler/patient145.npz,52da0c97b0b2912d5f4717388ba07fbafc7f848aadb577a362463cebe4fa79db,4864567
data/processed/ACDC_doppler/patient146.npz,b1adf4a703b348e8e99f417336e2abd67592ba46cfc9a04f51489eaf8990f37a,4372908
data/processed/ACDC_doppler/patient147.npz,6d20be794721fa90540474591ce546754d50f032304f0057de22c79c8bfa7afd,3876367
data/processed/ACDC_doppler/patient148.npz,1ebb6f170e8f16539c4d7718033dcecb0a07b00ff4f12d0476925d786e93fa28,3898852
data/processed/ACDC_doppler/patient149.npz,6c7d2dab6ee53a6522d190a5ac53d57c9ad9fe0425a9e106b0a36bc7342083a7,4871331
data/processed/ACDC_doppler/patient150.npz,83012da4f54487cd725773474156b8862e306331b87a12b2923eee97f66bb83b,3896696
results/phase3_dice.csv,68c71f72364e3468cbade8dabf462f48f5e640bb903015b363d0dd8006bd2a07,24569
results/phase3_quality_weights.csv,2c13231b6c551c33be58715283269f586241d73b0216be8ea557aaa0de9f4f05,5822
